Month,Year,County,Med_Tax_Rev,Rec_Tax_Rev,Med_RemainderOfState_Counties,Rec_RemainderOfState_Counties,Med_Blank_Code,Rec_Blank_Code
2,2014,Clear Creek,3952,12770,,,,
2,2014,Denver,442941,256756,,,,
2,2014,Gilpin,1269,5380,,,,
2,2014,Jefferson,54443,24416,,,,
2,2014,San Miguel,2319,12121,,,,
2,2014,Summit,7681,37274,,,,
2,2014,Remainder of State,10067,67972,"Alamosa, Archuleta, Costilla, Grand, Lake, Mesa, Moffat, Montrose, Ouray, Park, Sedgwick, and Teller","Adams, Garfield, Lake, Park, Pueblo, Routt, and Weld.",,
3,2014,Clear Creek,2845,12491,,,,
3,2014,Denver,483432,245709,,,,
3,2014,Gilpin,918,6833,,,,
3,2014,Jefferson,55944,24961,,,,
3,2014,Pueblo,14683,15262,,,,
3,2014,San Miguel,5016,5786,,,,
3,2014,Summit,9343,31584,,,,
3,2014,Remainder of State,16668,95627,"Alamosa, Archuleta, Chaffee, Costilla, Grand, Gunnison, Lake, Mesa, Moffat, Montrose, Ouray, Park, Saguache, Sedgwick, and Teller","Adams, Boulder, Garfield, Gunnison, Lake, Ouray, Park, Routt, and Weld",,
4,2014,Boulder,94702,40136,,,,
4,2014,Clear Creek,3982,15972,,,,
4,2014,Denver,489964,295126,,,,
4,2014,Gilpin,970,3968,,,,
4,2014,Jefferson,57720,30120,,,,
4,2014,Pueblo,14555,51330,,,,
4,2014,San Miguel,3177,9620,,,,
4,2014,Summit,6003,29054,,,,
4,2014,Remainder of State,23768,94179,"Alamosa, Archuleta, Chaffee, Costilla, Gunnison, Lake, Mesa, Moffat, Montezuma, Montrose, Ouray, Park, Saguache, and Sedgwick.","Adams, Garfield, Gunnison, Lake, Ouray, Park, Pitkin, Routt, and Weld.",,
5,2014,Boulder,88590,53566,,,,
5,2014,Clear Creek,2632,9153,,,,
5,2014,Denver,421106,384369,,,,
5,2014,Gilpin,1214,3791,,,,
5,2014,Jefferson,67475,39183,,,,
5,2014,Pitkin,4325,6714,,,,
5,2014,Pueblo,11468,32603,,,,
5,2014,San Miguel,1429,6034,,,,
5,2014,Summit,8120,22761,,,,
5,2014,Weld,14716,14974,,,,
5,2014,Remainder of State,19731,66580,"Alamosa, Archuleta, Chaffee, Costilla, Grand, Gunnison, Lake, Mesa, Moffat, Montrose, Ouray, Park, Saguache, Sedgwick, and Teller","Adams, Garfield, Gunnison, Lake, Larimer, Ouray, Park, and Routt.",,
6,2014,Boulder,75248,66999,,,,
6,2014,Clear Creek,2768,11848,,,,
6,2014,Denver,448749,330940,,,,
6,2014,Garfield,14261,8462,,,,
6,2014,Gilpin,1298,3911,,,,
6,2014,Jefferson,51392,40920,,,,
6,2014,Pitkin,4027,5360,,,,
6,2014,Pueblo,13263,41559,,,,
6,2014,San Miguel,1863,7740,,,,
6,2014,Summit,5659,31904,,,,
6,2014,Weld,14504,20016,,,,
6,2014,Remainder of State,16146,72464,"Alamosa, Archuleta, Costilla, Grand, Gunnison, Lake, Mesa, Moffat, Montrose, Ouray, Park, and Sedgwick.","Adams, Eagle, Gunnison, Lake, Larimer, Ouray, Park, and Routt.",,
7,2014,Boulder,63803,77019,,,,
7,2014,Clear Creek,2747,11442,,,,
7,2014,Denver,378415,366377,,,,
7,2014,Garfield,11069,11409,,,,
7,2014,Gilpin,1269,5234,,,,
7,2014,Jefferson,49197,40723,,,,
7,2014,Pitkin,2363,9296,,,,
7,2014,Pueblo,8823,50988,,,,
7,2014,San Miguel,2035,9295,,,,
7,2014,Summit,5031,19959,,,,
7,2014,Weld,13084,22550,,,,
7,2014,Remainder of State,20933,75816,"Alamosa, Archuleta, Costilla, Grand, Gunnison, Lake, Mesa, Moffat, Montrose, Ouray, Park, Routt and Sedgwick","Adams, Eagle, Gunnison, Lake, Larimer, Ouray, Park, Routt and Sedgwick.",,
8,2014,Boulder,71626,92421,,,,
8,2014,Clear Creek,3050,13876,,,,
8,2014,Denver,376061,395192,,,,
8,2014,Garfield,11816,11386,,,,
8,2014,Gilpin,964,4192,,,,
8,2014,Gunnison,,6326,,,,
8,2014,Jefferson,46348,44949,,,,
8,2014,Larimer,29607,34481,,,,
8,2014,Pitkin,4435,14460,,,,
8,2014,Pueblo,16490,53501,,,,
8,2014,San Miguel,1823,20475,,,,
8,2014,Summit,5149,28848,,,,
8,2014,Weld,9092,33072,,,,
8,2014,Remainder of State,14232,67899,"Alamosa, Archuleta, Costilla, Grand, Gunnison, Lake, Mesa, Moffat, Montrose, Ouray, Park, Routt and Sedgwick","Adams, Eagle, Lake, Ouray, Park, Routt and Sedgwick.",,
10,2014,Boulder,84153,101499,,,,
10,2014,Clear Creek,2880,11083,,,,
10,2014,Denver,420245,406376,,,,
10,2014,Eagle,1551,11167,,,,
10,2014,Garfield,16510,16001,,,,
10,2014,Gilpin,1105,3775,,,,
10,2014,Gunnison,,7460,,,,
10,2014,Jefferson,51577,47728,,,,
10,2014,Larimer,35881,39779,,,,
10,2014,Pitkin,3177,9033,,,,
10,2014,Pueblo,7051,56126,,,,
10,2014,San Miguel,1423,14825,,,,
10,2014,Summit,6128,21294,,,,
10,2014,Weld,8152,34036,,,,
10,2014,Remainder of State,21210,106734,"Alamosa, Archuleta, Chaffee, Costilla, Grand, Gunnison, Lake, Mesa,    Moffat, Montrose, Morgan, Ouray, Park, Saguache, Sedgwick, and Teller","Adams, Archuleta, Chaffee, El Paso, La Plata, Lake, Morgan, Ouray, Park, Routt, Saguache and Sedgwick",,
11,2014,Boulder,70690,99827,,,,
11,2014,Clear Creek,2916,8868,,,,
11,2014,Denver,480683,424815,,,,
11,2014,Eagle,8584,10563,,,,
11,2014,Garfield,12527,15391,,,,
11,2014,Gunnison,,5371,,,,
11,2014,Jefferson,48972,48372,,,,
11,2014,Larimer,32168,43276,,,,
11,2014,Pitkin,2430,7001,,,,
11,2014,Pueblo,6543,32693,,,,
11,2014,San Miguel,1016,8259,,,,
11,2014,Summit,4996,16271,,,,
11,2014,Weld,10471,32041,,,,
11,2014,Remainder of State,26866,135502,"Alamosa, Archuleta, Chaffee, Costilla, Gilpin, Grand, Gunnison, Lake, Mesa, Moffat, Montezuma, Montrose, Morgan, Ouray, Park, Routt, Saguache, Sedgwick, and Teller","Adams, Arapohoe, Archuleta, Chaffee, El Paso, Gilpin, La Plata, Lake, Morgan, Ouray, Park, Routt, Saguache and Sedgwick",,
12,2014,Adams,13462,38490,,,,
12,2014,Arapahoe,26638,23467,,,,
12,2014,Boulder,64733,91020,,,,
12,2014,Clear Creek,2585,8630,,,,
12,2014,Denver,369967,419829,,,,
12,2014,Eagle,6806,10836,,,,
12,2014,Garfield,7911,14475,,,,
12,2014,Gunnison,1663,3215,,,,
12,2014,Jefferson,46641,47216,,,,
12,2014,La Plata,12529,18997,,,,
12,2014,Larimer,31622,43355,,,,
12,2014,Pitkin,2135,6478,,,,
12,2014,Pueblo,12066,39350,,,,
12,2014,San Miguel,532,4453,,,,
12,2014,Summit,4417,22938,,,,
12,2014,Weld,8877,28156,,,,
12,2014,Remainder of State,22944,56559,"Alamosa, Archuleta, Chaffee, Costilla, Gilpin, Lake, Mesa, Moffat, Montezuma, Montrose, Ouray, Park, Routt, Sedgwick, and Teller","Archuleta, Chaffee, Costilla, El Paso, Gilpin, Lake, Las Animas, Ouray, Park, Routt, Saguache, and Sedgwick",,
1,2015,Adams,13187,41848,,,,
1,2015,Arapahoe,35071,41272,,,,
1,2015,Boulder,70604,93696,,,,
1,2015,Clear Creek,2331,11867,,,,
1,2015,Denver,408178,418985,,,,
1,2015,Eagle,7794,21287,,,,
1,2015,Garfield,8249,16464,,,,
1,2015,Gilpin,922,2278,,,,
1,2015,Gunnison,-350,7698,,,,
1,2015,Jefferson,51671,56419,,,,
1,2015,La Plata,14932,24406,,,,
1,2015,Larimer,33837,47766,,,,
1,2015,Pitkin,2321,16837,,,,
1,2015,Pueblo,17165,38458,,,,
1,2015,Route,4961,14752,,,,
1,2015,San Miguel,1559,10158,,,,
1,2015,Summit,7089,27756,,,,
1,2015,Weld,13850,31015,,,,
5,2015,Garfield,10780,17752,,,,
1,2015,Remainder of State,17241,62071,"Alamosa, Archuleta, Chaffee, Costilla, Grand, Lake, Las Animas, Mesa, Moffat, Montrose, Ouray, Park, Sedgwick, and Teller","Archuleta, Chaffee, Costilla, El Paso, Grand, Lake, Las Animas, Montezuma, Morgan,  Ouray, Park, Saguache, and Sedgwick",,
2,2015,Adams,8304,13092,,,,
2,2015,Arapahoe,25572,53858,,,,
2,2015,Boulder,64260,109224,,,,
2,2015,Clear Creek,2117,12583,,,,
2,2015,Denver,363061,423513,,,,
2,2015,Eagle,9390,20375,,,,
2,2015,Garfield,9421,17304,,,,
2,2015,Gilpin,1065,3893,,,,
2,2015,Gunnison,587,9075,,,,
2,2015,Jefferson,45470,48086,,,,
2,2015,La Plata,25691,11858,,,,
2,2015,Larimer,33160,49274,,,,
2,2015,Las Animas,,6424,,,,
2,2015,Pitkin,2245,23537,,,,
2,2015,Pueblo,3328,26366,,,,
2,2015,San Miguel,1529,11557,,,,
2,2015,Summit,6351,50009,,,,
2,2015,Weld,10194,34889,,,,
2,2015,Remainder of State,15878,97711,"Alamosa, Archuleta, Chaffee, Costilla, Grand, Lake, Las Animas, Mesa, Moffat, Montrose, Ouray, Park, Sedgwick, and Teller","Archuleta, Chaffee, Costilla, El Paso, Grand, Lake, Mesa, Montezuma, Morgan,  Ouray, Park, Routt, Saguache, San Juan and Sedgwick",,
3,2015,Arapahoe,25790,62680,,,,
3,2015,Boulder,68817,94149,,,,
3,2015,Clear Creek,2273,13659,,,,
3,2015,Denver,358208,451969,,,,
3,2015,Eagle,7839,21256,,,,
3,2015,Garfield,9913,14884,,,,
3,2015,Gilpin,839,2853,,,,
3,2015,Gunnison,,6597,,,,
3,2015,Jefferson,45154,67463,,,,
3,2015,La Plata,24576,10605,,,,
3,2015,Larimer,32718,48469,,,,
3,2015,Las Animas,,8210,,,,
3,2015,Montezuma,2668,5096,,,,
3,2015,Pitkin,2594,23430,,,,
3,2015,Pueblo,9870,23618,,,,
3,2015,San Miguel,1039,5963,,,,
3,2015,Summit,8650,51411,,,,
3,2015,Weld,10221,36230,,,,
3,2015,Remainder of State,22334,150472,"Alamosa, Archuleta, Chaffee, Costilla, Grand, Gunnison, Lake, Las Animas, Mesa, Moffat, Montrose, Morgan, Ouray, Park, Routt, Sedgwick, and Teller","Adams, Archuleta, Chaffee, Costilla, El Paso, Grand, Lake, Mesa, Morgan, Ouray, Park, Routt, Saguache, San Juan and Sedgwick",,
4,2015,Adams,11922,44220,,,,
4,2015,Arapahoe,38362,67656,,,,
4,2015,Boulder,59855,109336,,,,
4,2015,Clear Creek,3926,12813,,,,
4,2015,Denver,418500,467578,,,,
4,2015,Eagle,10326,24715,,,,
4,2015,Garfield,11415,18009,,,,
4,2015,Gilpin,,2769,,,,
4,2015,Gunnison,,7593,,,,
4,2015,Jefferson,46460,63009,,,,
4,2015,La Plata,25085,25344,,,,
4,2015,Larimer,34075,55678,,,,
4,2015,Las Animas,,11821,,,,
4,2015,Montezuma,3292,6468,,,,
4,2015,Park,,4137,,,,
4,2015,Pitkin,2159,24023,,,,
4,2015,Pueblo,14904,45710,,,,
4,2015,Routt,5918,20381,,,,
4,2015,San Miguel,1864,11014,,,,
4,2015,Summit,6350,50715,,,,
4,2015,Weld,12672,41189,,,,
7,2015,Denver,453698,489176,,,,
4,2015,Remainder of State,18972,83728,"Alamosa, Archuleta, Chaffee, Costilla, Gilpin, Grand, Gunnison, Las Animas, Mesa, Moffat, Montrose, Morgan, Ouray, Park, Sedgwick, and Teller","Archuleta, Chaffee, Costilla, El Paso, Grand, Lake, Mesa, Morgan, Ouray,Saguache, San Juan and Sedgwick.",,
5,2015,Adams,13330,41082,,,,
5,2015,Arapahoe,160958,106133,,,,
5,2015,Boulder,63067,113829,,,,
5,2015,Chaffee,,10746,,,,
5,2015,Clear Creek,519,12211,,,,
5,2015,Denver,266771,499741,,,,
5,2015,Eagle,9024,15172,,,,
5,2015,Gilpin,,4271,,,,
5,2015,Gunnison,,5345,,,,
5,2015,Jefferson,47633,56772,,,,
5,2015,La Plata,20888,19742,,,,
5,2015,Larimer,36297,58823,,,,
5,2015,Las Animas,,13583,,,,
5,2015,Montezuma,3876,7221,,,,
5,2015,Park,,3452,,,,
5,2015,Pitkin,2096,13387,,,,
5,2015,Pueblo,8459,38321,,,,
5,2015,Routt,5432,12648,,,,
5,2015,San Miguel,1112,4581,,,,
5,2015,Summit,8644,27781,,,,
5,2015,Weld,7984,43464,,,,
5,2015,Remainder of State,17906,62820,"Alamosa, Archuleta, Chaffee, Costilla, Gilpin, Grand, Gunnison, Las Animas, Mesa, Moffat, Montrose, Morgan, Ouray, Park, Sedgwick, and Teller","Archuleta, Costilla, El Paso, Grand, Lake, Mesa, Morgan, Ouray, Saguache and Sedgwick",,
6,2015,Adams,10298,17494,,,,
6,2015,Arapahoe,41057,75778,,,,
6,2015,Boulder,76119,122172,,,,
6,2015,Chaffee,,7687,,,,
6,2015,Clear Creek,4320,7734,,,,
6,2015,Denver,399814,486655,,,,
6,2015,Eagle,9610,12211,,,,
6,2015,Garfield,10551,19986,,,,
6,2015,Gilpin,,5000,,,,
6,2015,Gunnison,,4928,,,,
6,2015,Jefferson,53242,68630,,,,
6,2015,La Plata,4622,16893,,,,
6,2015,Larimer,34480,65977,,,,
6,2015,Las Animas,,15383,,,,
6,2015,Montezuma,4947,10424,,,,
6,2015,Park,,4790,,,,
6,2015,Pitkin,1753,6038,,,,
6,2015,Pueblo,16626,47177,,,,
6,2015,Routt,4593,12214,,,,
6,2015,San Miguel,,3709,,,,
6,2015,Summit,6292,20710,,,,
6,2015,Weld,9608,46733,,,,
6,2015,Remainder of State,23817,113845,"Alamosa, Archuleta, Chaffee, Costilla, Gilpin, Grand, Gunnison, Las Animas, Mesa, Moffat, Montrose, Morgan, Ouray, Park, San Miguel, Sedgwick, and Teller",,,
7,2015,Arapahoe,65918,140304,,,,
7,2015,Boulder,73454,128318,,,,
7,2015,Clear Creek,1251,12586,,,,
7,2015,Eagle,6948,15169,,,,
7,2015,Garfield,10985,21748,,,,
7,2015,Gilpin,,3414,,,,
7,2015,Grand,,4450,,,,
7,2015,Gunnison,,8620,,,,
7,2015,Jefferson,47617,92913,,,,
7,2015,La Plata,16528,50681,,,,
7,2015,Larimer,32508,66800,,,,
7,2015,Las Animas,,19771,,,,
7,2015,Montezuma,2580,14267,,,,
7,2015,Park,,5447,,,,
7,2015,Pitkin,3074,15148,,,,
7,2015,Pueblo,13504,35667,,,,
7,2015,Routt,4484,14168,,,,
7,2015,San Miguel,1725,10248,,,,
7,2015,Summit,5646,26535,,,,
7,2015,Weld,8071,48347,,,,
7,2015,Remainder of State,19300,183025,"Alamosa, Archuleta, Chaffee, Costilla, Gilpin, Grand, Gunnison, Las Animas, Mesa, Moffat, Montrose, Morgan, Ouray, Park, Sedgwick, and Teller.","Adams, Archuleta, Chaffee, Costilla, El Paso, Huerfano, Lake, Mesa, Morgan, Ouray, Saguache, San Juan, and Sedgwick",,
8,2015,Adams,11247,47992,,,,
8,2015,Arapahoe,42537,128962,,,,
8,2015,Boulder,85442,144255,,,,
8,2015,Clear Creek,5431,17745,,,,
8,2015,Denver,518868,564813,,,,
8,2015,Eagle,10580,21341,,,,
8,2015,Garfield,13010,27023,,,,
8,2015,Gilpin,,5384,,,,
8,2015,Grand,,6643,,,,
8,2015,Gunnison,,11898,,,,
8,2015,Jefferson,62487,72547,,,,
8,2015,La Plata,13626,44086,,,,
8,2015,Larimer,37648,78122,,,,
8,2015,Las Animas,,33301,,,,
8,2015,Montezuma,3785,15391,,,,
8,2015,Park,,7288,,,,
8,2015,Pitkin,4720,26886,,,,
8,2015,Pueblo,22247,57042,,,,
8,2015,Routt,5217,18512,,,,
8,2015,San Miguel,1438,11526,,,,
8,2015,Summit,7079,41913,,,,
8,2015,Weld,10217,53585,,,,
8,2015,Remainder of State,19576,145987,"Alamosa, Archuleta, Chaffee, Costilla, Gilpin, Grand, Gunnison, Las Animas, Mesa, Moffat, Montrose, Morgan, Ouray, Park, and Sedgwick","Archuleta, Chaffee, Conejos, Costilla, El Paso, Huerfano, Lake, Mesa, Morgan, Ouray, Saguache, San Juan, and Sedgwick",,
9,2015,Adams,12066,64198,,,,
9,2015,Arapahoe,50269,146920,,,,
9,2015,Boulder,76606,143853,,,,
9,2015,Chaffee,,26628,,,,
9,2015,Clear Creek,3498,15590,,,,
9,2015,Denver,554013,586938,,,,
9,2015,Eagle,9619,21534,,,,
9,2015,Garfield,19390,25479,,,,
9,2015,Gilpin,2002,5873,,,,
9,2015,Grand,,6709,,,,
9,2015,Gunnison,,11567,,,,
9,2015,Jefferson,54043,93836,,,,
9,2015,La Plata,13036,43601,,,,
9,2015,Larimer,40572,83960,,,,
9,2015,Las Animas,,29937,,,,
9,2015,Montezuma,4197,18421,,,,
9,2015,Park,,7145,,,,
9,2015,Pitkin,1052,21266,,,,
9,2015,Pueblo,16188,43612,,,,
9,2015,Routt,5550,18826,,,,
9,2015,San Miguel,1363,10865,,,,
9,2015,Summit,6649,35311,,,,
9,2015,Weld,12032,55954,,,,
9,2015,Remainder of State,17603,141949,"Alamosa, Archuleta, Chaffee, Costilla, Grand, Gunnison, Las Animas, Mesa, Moffat, Montrose, Morgan, Ouray, Park, Sedgwick, and Teller","Archuleta, Conejos, Costilla, El Paso, Huerfano, Lake, Mesa, Morgan, Ouray, Saguache, San Juan, and Sedgwick",,
10,2015,Adams,11809,58124,,,,
10,2015,Arapahoe,59447,162428,,,,
10,2015,Boulder,82097,145808,,,,
10,2015,Chaffee,,12481,,,,
10,2015,Clear Creek,2773,16734,,,,
10,2015,Denver,506809,554959,,,,
10,2015,Eagle,9342,13900,,,,
10,2015,Garfield,13416,25968,,,,
10,2015,Gilpin,1158,4215,,,,
10,2015,Grand,,5811,,,,
10,2015,Gunnison,,9863,,,,
10,2015,Jefferson,57101,87195,,,,
10,2015,La Plata,13693,44053,,,,
10,2015,Larimer,41291,83080,,,,
10,2015,Las Animas,,30698,,,,
10,2015,Montezuma,3434,18423,,,,
10,2015,Ouray,,7326,,,,
10,2015,Park,,6442,,,,
10,2015,Pitkin,1413,21501,,,,
10,2015,Pueblo,13700,31547,,,,
10,2015,Routt,6078,18032,,,,
10,2015,San Miguel,1500,10709,,,,
10,2015,Summit,6584,32127,,,,
10,2015,Weld,12559,54301,,,,
10,2015,Remainder of State,18343,126936,"Alamosa, Archuleta, Chaffee, Costilla, Grand, Gunnison, Las Animas, Mesa, Moffat, Montrose, Morgan, Ouray, Park, Sedgwick","Archuleta, Conejos, Costilla, El Paso, Huerfano, Lake, Mesa, Morgan, Saguache, San Juan, and Sedgwick",,
11,2015,Adams,10389,61952,,,,
11,2015,Arapahoe,55261,146573,,,,
11,2015,Boulder,71686,114280,,,,
11,2015,Chaffee,,9659,,,,
11,2015,Clear Creek,-1047,15202,,,,
11,2015,Denver,341421,459988,,,,
11,2015,Eagle,6487,22558,,,,
11,2015,Garfield,9933,24428,,,,
11,2015,Gilpin,,4088,,,,
11,2015,Grand,,4754,,,,
11,2015,Jefferson,43267,69015,,,,
11,2015,La Plata,11351,39047,,,,
11,2015,Larimer,36690,69043,,,,
11,2015,Las Animas,,17734,,,,
11,2015,Montezuma,2766,17999,,,,
11,2015,Park,,5823,,,,
11,2015,Pitkin,2243,24772,,,,
11,2015,Pueblo,21151,48792,,,,
11,2015,Routt,5651,16490,,,,
11,2015,San Miguel,1436,4733,,,,
11,2015,Summit,6243,27750,,,,
11,2015,Weld,11726,54546,,,,
11,2015,Remainder of State,13988,117604,"Alamosa, Archuleta, Costilla, Gilpin, Grand, Las Animas, Mesa, Montrose, Park, Sedgwick and Teller","Archuleta, Conejos, Costilla, El Paso, Gunnison, Huerfano, Lake, Mesa,Morgan, Ouray, Saguache, and Sedgwick",,
12,2015,Adams,12531,71941,,,,
12,2015,Arapahoe,29363,143866,,,,
12,2015,Boulder,65739,122809,,,,
12,2015,Chaffee,,7481,,,,
12,2015,Clear Creek,1918,10212,,,,
12,2015,Denver,349026,532887,,,,
12,2015,Eagle,7829,17202,,,,
12,2015,Garfield,12323,17447,,,,
12,2015,Gilpin,,6892,,,,
12,2015,Grand,,4270,,,,
12,2015,Gunnison,,12319,,,,
12,2015,Jefferson,51412,82255,,,,
12,2015,La Plata,9334,33367,,,,
12,2015,Larimer,33789,75864,,,,
12,2015,Las Animas,,29225,,,,
12,2015,Montezuma,2621,15243,,,,
12,2015,Park,,4729,,,,
12,2015,Pitkin,2216,10072,,,,
12,2015,Pueblo,13094,31773,,,,
12,2015,Routt,5123,12790,,,,
12,2015,San Miguel,1117,3617,,,,
12,2015,Summit,6045,28603,,,,
12,2015,Weld,10147,48723,,,,
12,2015,Remainder of State,17773,107872,"Alamosa, Archuleta, Chaffee, Costilla, Gilpin, Grand, Gunnison, Las Animas, Mesa, Moffat, Montrose, Morgan, Ouray, Parkand Sedgwick","Archuleta, Conejos, Costilla, El Paso, Huerfano, Lake, Mesa, Morgan, Ouray, Saguache, and Sedgwick",,
2,2016,Adams,10424,75954,,,,
2,2016,Arapahoe,41280,169337,,,,
2,2016,Archuletta,,12104,,,,
2,2016,Boulder,77845,141228,,,,
2,2016,Chaffee,,9809,,,,
2,2016,Clear Creek,2663,17808,,,,
2,2016,Denver,403927,546434,,,,
2,2016,Eagle,8443,34568,,,,
2,2016,Garfield,10145,20432,,,,
2,2016,Gilpin,,2602,,,,
2,2016,Grand,,8248,,,,
2,2016,Gunnison,,11923,,,,
2,2016,Jefferson,53493,83812,,,,
2,2016,La Plata,10221,33211,,,,
2,2016,Larimer,34586,76031,,,,
2,2016,Las Animas,,25320,,,,
2,2016,Montezuma,2225,15259,,,,
2,2016,Park,,5691,,,,
2,2016,Pitkin,5244,22303,,,,
2,2016,Pueblo,18984,37624,,,,
2,2016,Routt,5702,23169,,,,
2,2016,San Miguel,,8280,,,,
2,2016,Summit,5433,59410,,,,
2,2016,Weld,11465,49478,,,,
2,2016,Remainder of State,17002,94078,"Alamosa, Archuleta, Chaffee, Costilla, Gilpin, Grand, Gunnison, Las Animas, Mesa, Moffat, Montrose, Morgan, Ouray, Park, San Miguel, Sedgwick and Teller","Conejos, Costilla, El Paso, Huerfano, Lake, Mesa, Morgan, Ouray, Saguache and Sedgwick",,
1,2016,Adams,13325.84,80780.43,,,,
1,2016,Arapahoe,57608,192698.8,,,,
1,2016,Archuletta,,13143.02,,,,
1,2016,Boulder,78352.34,147666,,,,
1,2016,Clear Creek,1654.24,13107.1,,,,
1,2016,Denver,532544.51,623071.7,,,,
1,2016,Eagle,8600.65,28934,,,,
1,2016,Garfield,10258.21,20021,,,,
1,2016,Gilpin,,4231.51,,,,
1,2016,Grand,,7869,,,,
1,2016,Gunnison,,16366.65,,,,
1,2016,Jefferson,52362.51,99504.98,,,,
1,2016,La Plata,10374,38850.85,,,,
1,2016,Larimer,38714.44,92223.06,,,,
1,2016,Las Animas,,37037.56,,,,
1,2016,Montezuma,2522,16163,,,,
1,2016,Park,,5638.87,,,,
1,2016,Pitkin,2269.09,18546.89,,,,
1,2016,Pueblo,16291.63,38557.01,,,,
1,2016,Routt,5707,19239,,,,
1,2016,San Miguel,1285,9392,,,,
1,2016,Summit,6563,47979,,,,
1,2016,Weld,10788,52765,,,,
1,2016,Remainder of State,20608.7,120294.3,"Alamosa, Archuleta, Chaffee, Costilla, Gilpin, Grand, Gunnison, Las Animas, Mesa, Moffat, Montrose, Morgan, Ouray, Parkand Sedgwick","Chaffee, Conejos, Costilla, El Paso, Huerfano, Lake, Mesa, Morgan, Ouray, Saguache and Sedgwick.",,
3,2016,Adams,12248,87812,,,,
3,2016,Arapahoe,47138,194786,,,,
3,2016,Boulder,71056,129140,,,,
3,2016,Chaffee,,8278,,,,
3,2016,Clear Creek,3720,16839,,,,
3,2016,Conejos,,4639,,,,
3,2016,Costilla,,4627,,,,
3,2016,Denver,456044,569776,,,,
3,2016,Eagle,8036,33338,,,,
3,2016,Garfield,8715,21612,,,,
3,2016,Gilpin,,4060,,,,
3,2016,Grand,,7975,,,,
3,2016,Gunnison,,6715,,,,
3,2016,Jefferson,42654,87068,,,,
3,2016,La Plata,10103,44645,,,,
3,2016,Larimer,31192,69294,,,,
3,2016,Las Animas,,2701,,,,
3,2016,Montezuma,2883,17237,,,,
3,2016,Park,,5117,,,,
3,2016,Pitkin,3238,26688,,,,
3,2016,Pueblo,25507,36195,,,,
3,2016,Routt,6097,22696,,,,
3,2016,San Miguel,1558,12861,,,,
3,2016,Summit,7018,73994,,,,
3,2016,Weld,9615,54678,,,,
3,2016,Remainder of State,23448,89878,"Alamosa, Archuleta, Chaffee, Costilla, Fremont, Gilpin, Grand, Gunnison, Las Animas, Mesa, Moffat, Montrose, Morgan, Ouray, Park, San Juan, Sedgwick and Teller","Archuletta, El Paso, Huerfano, Lake, Mesa, Morgan, Ouray,Saguache, San Juan and Sedgwick.",,
4,2016,Adams,4602,37034,,,,
4,2016,Arapahoe,22393,163688,,,,
4,2016,Boulder,73164,131661,,,,
4,2016,Chaffee,,10012,,,,
4,2016,Clear Creek,2602,14678,,,,
4,2016,Conejos,,6067,,,,
4,2016,Costilla,,5373,,,,
4,2016,Denver,450002,519517,,,,
4,2016,Eagle,8681,33497,,,,
4,2016,Garfield,11204,30434,,,,
4,2016,Gilpin,,4751,,,,
4,2016,Grand,,10273,,,,
4,2016,Gunnison,,14378,,,,
4,2016,Jefferson,42725,65274,,,,
4,2016,La Plata,11345,47159,,,,
4,2016,Larimer,35866,93180,,,,
4,2016,Las Animas,,29997,,,,
4,2016,Montezuma,2886,20885,,,,
4,2016,Park,,6662,,,,
4,2016,Pitkin,6138,22556,,,,
4,2016,Pueblo,10557,42687,,,,
4,2016,Routt,6183,22235,,,,
4,2016,Summit,,55819,,,,
4,2016,Weld,,25947,,,,
4,2016,Remainder of State,30207,142619,"Alamosa, Archuleta, Chaffee, Costilla, Gilpin, Grand, Gunnison, Las Animas, Mesa, Moffat, Montrose, Morgan, Ouray, Park, San Miguel, Sedgwick, Summit, Teller and Weld","Archuletta, El Paso, Huerfano, Lake, Mesa, Morgan, Ouray,Saguache, San Miguel and Sedgwick.",,
5,2016,Adams,17594,140229,,,,
5,2016,Arapahoe,62995,256522,,,,
5,2016,Boulder,80529,164305,,,,
5,2016,Chaffee,,8654,,,,
5,2016,Clear Creek,2372,9744,,,,
5,2016,Conejos,,6314,,,,
5,2016,Costilla,,5163,,,,
5,2016,Denver,518807,770799,,,,
5,2016,Eagle,3760,27045,,,,
5,2016,Garfield,15483,29640,,,,
5,2016,Gilpin,,6747,,,,
5,2016,Grand,,6615,,,,
5,2016,Gunnison,,11564,,,,
5,2016,Jefferson,52014,131325,,,,
5,2016,La Plata,11506,43195,,,,
5,2016,Larimer,38172,75328,,,,
5,2016,Las Animas,,43614,,,,
5,2016,Montezuma,3164,20631,,,,
5,2016,Park,,5851,,,,
5,2016,Pitkin,2474,15594,,,,
5,2016,Pueblo,28412,60223,,,,
5,2016,Routt,5292,15859,,,,
5,2016,San Miguel,1538,7413,,,,
5,2016,Summit,6673,54016,,,,
5,2016,Weld,18193,89650,,,,
5,2016,Remainder of State,17042,141231,"Alamosa, Archuleta, Chaffee, Costilla, Gilpin, Grand, Gunnison, Las Animas, Mesa, Moffat, Montrose, Morgan, Ouray, Park, Sedgwick and Teller","Archuletta, El Paso, Huerfano, Lake, Mesa, Morgan, Ouray,Saguache, San Juan and Sedgwick.",,
6,2016,Adams,14686,49134,,,,
6,2016,Arapahoe,36871,179467,,,,
6,2016,Auchuletta,,12901,,,,
6,2016,Boulder,58530,149874,,,,
6,2016,Chaffee,,9725,,,,
6,2016,Clear Creek,2333,14968,,,,
6,2016,Conejos,,7320,,,,
6,2016,Costilla,,7007,,,,
6,2016,Denver,502345,590835,,,,
6,2016,Eagle,10830,18789,,,,
6,2016,Garfield,12213,31113,,,,
6,2016,Gilpin,701,6137,,,,
6,2016,Grand,,5372,,,,
6,2016,Gunnison,,10558,,,,
6,2016,Jefferson,40732,80966,,,,
6,2016,Lake,,4322,,,,
6,2016,La Plata,11219,44684,,,,
6,2016,Larimer,38915,121409,,,,
6,2016,Las Animas,,42030,,,,
6,2016,Montezuma,2975,24750,,,,
6,2016,Morgan,,20496,,,,
6,2016,Ouray,,8624,,,,
6,2016,Park,,7126,,,,
6,2016,Pitkin,4429,8279,,,,
6,2016,Pueblo,29804,50859,,,,
6,2016,Routt,,13756,,,,
6,2016,San Miguel,1476,7250,,,,
6,2016,Summit,4526,28576,,,,
6,2016,Weld,10104,57981,,,,
6,2016,Remainder of State,20882,92188,"Alamosa, Archuleta, Chaffee, Costilla, Grand, Gunnison, Las Animas, Mesa, Moffat, Montrose, Morgan, Ouray,Park, Routt and Sedgwick","El Paso, Huerfano, Mesa, Saguache, San Juan and Sedgwick.",,
7,2016,Adams,9942,157219,,,,
7,2016,Arapahoe,41835,244207,,,,
7,2016,Auchuletta,,17924,,,,
7,2016,Boulder,73253,162835,,,,
7,2016,Chaffee,,13389,,,,
7,2016,Clear Creek,1918,12881,,,,
7,2016,Conejos,,9429,,,,
7,2016,Costilla,,5697,,,,
7,2016,Denver,533148,641595,,,,
7,2016,Eagle,5159,24364,,,,
7,2016,Garfield,12233,41327,,,,
7,2016,Gilpin,,6023,,,,
7,2016,Grand,,7422,,,,
7,2016,Gunnison,,14784,,,,
7,2016,Jefferson,48524,127640,,,,
7,2016,Lake,,6064,,,,
7,2016,La Plata,12367,52431,,,,
7,2016,Larimer,27483,106318,,,,
7,2016,Las Animas,,46850,,,,
7,2016,Montezuma,2693,26396,,,,
7,2016,Morgan,,16582,,,,
7,2016,Park,,8777,,,,
7,2016,Pitkin,3669,19520,,,,
7,2016,Pueblo,22110,63232,,,,
7,2016,Routt,3988,19063,,,,
7,2016,San Miguel,1100,8789,,,,
7,2016,Summit,4300,36181,,,,
7,2016,Weld,8446,57561,,,,
7,2016,Remainder of State,18177,108050,"Alamosa, Archuleta, Chaffee, Costilla, Gilpin, Grand, Gunnison, Las Animas, Mesa, Moffat, Montrose, Morgan, Ouray, Park, Sedgwick, and Teller","El Paso, Mesa, Ouray, Saguache, San Juan and Sedgwick.",,
8,2016,Adams,11436,119706,,,,
8,2016,Arapahoe,43337,252705,,,,
8,2016,Boulder,65391,197795,,,,
8,2016,Clear Creek,1939,21397,,,,
8,2016,Conejos,,12228,,,,
8,2016,Costilla,,12180,,,,
8,2016,Denver,541784,742595,,,,
8,2016,Eagle,5229,32219,,,,
8,2016,Garfield,12101,47044,,,,
8,2016,Gilpin,,7001,,,,
8,2016,Grand,,10850,,,,
8,2016,Gunnison,,19887,,,,
8,2016,Jefferson,46395,123060,,,,
8,2016,Lake,,8087,,,,
8,2016,La Plata,11781,62472,,,,
8,2016,Larimer,35770,120062,,,,
8,2016,Las Animas,,62820,,,,
8,2016,Montezuma,2907,34131,,,,
8,2016,Morgan,,19195,,,,
8,2016,Ouray,,26344,,,,
8,2016,Park,,11131,,,,
8,2016,Pitkin,-484,33561,,,,
8,2016,Pueblo,25958,68193,,,,
8,2016,Routt,4537,27003,,,,
8,2016,San Miguel,1227,13271,,,,
8,2016,Summit,4772,50769,,,,
8,2016,Weld,9284,67760,,,,
8,2016,Remainder of State,19267,147368,"Alamosa, Archuleta, Chaffee, Costilla, Gilpin, Grand, Gunnison, Las Animas, Mesa, Moffat, Montrose, Morgan, Ouray, Park, and Sedgwick","Archuletta, Chaffee, El Paso, Mesa, Saguache, San Juan, and Sedgwick.",,
9,2016,Adams,14137,135706,,,,
9,2016,Arapahoe,35593,224305,,,,
9,2016,Archuletta,,21681,,,,
9,2016,Boulder,65305,187323,,,,
9,2016,Clear Creek,1622,17103,,,,
9,2016,Conejos,,12098,,,,
9,2016,Costilla,,11409,,,,
9,2016,Denver,593786,782584,,,,
9,2016,Eagle,7644,32453,,,,
9,2016,Garfield,11795,42285,,,,
9,2016,Gilpin,,7264,,,,
9,2016,Grand,,11429,,,,
9,2016,Gunnison,,17911,,,,
9,2016,Jefferson,48918,127350,,,,
9,2016,Lake,,8743,,,,
9,2016,La Plata,12824,65555,,,,
9,2016,Larimer,36572,122957,,,,
9,2016,Las Animas,,63143,,,,
9,2016,Montezuma,1467,30232,,,,
9,2016,Ouray,,14900,,,,
9,2016,Park,,11079,,,,
9,2016,Pitkin,4093,28751,,,,
9,2016,Pueblo,24628,90059,,,,
9,2016,Routt,4811,25874,,,,
9,2016,San Miguel,1331,12256,,,,
9,2016,Summit,4642,45932,,,,
9,2016,Weld,9473,69389,,,,
9,2016,Remainder of State,18826,155234,"Alamosa, Archuleta, Chaffee, Costilla, Gilpin, Grand, Gunnison, Las Animas, Mesa, Moffat, Montrose, Morgan, Ouray, Park, and Sedgwick","Chaffee, El Paso, Huerfano, Mesa, Morgan, Saguache,San Juan, and Sedgwick.",,
10,2016,Adams,12256,134529,,,,
10,2016,Arapahoe,52992,295759,,,,
10,2016,Archuletta,,20920,,,,
10,2016,Boulder,65768,181889,,,,
10,2016,Chaffee,,14237,,,,
10,2016,Clear Creek,3214,24259,,,,
10,2016,Conejos,,12378,,,,
10,2016,Costilla,,8933,,,,
10,2016,Denver,551137,821214,,,,
10,2016,Eagle,5870,27734,,,,
10,2016,Garfield,10700,51113,,,,
10,2016,Gilpin,,7873,,,,
10,2016,Gunnison,,15602,,,,
10,2016,Jefferson,43541,129204,,,,
10,2016,Lake,,7375,,,,
10,2016,La Plata,12433,57067,,,,
10,2016,Larimer,34856,123484,,,,
10,2016,Las Animas,,71307,,,,
10,2016,Montezuma,2491,41872,,,,
10,2016,Morgan,,21581,,,,
10,2016,Ouray,,11446,,,,
10,2016,Park,,10504,,,,
10,2016,Pitkin,3682,23809,,,,
10,2016,Pueblo,25159,90793,,,,
10,2016,Routt,,23051,,,,
10,2016,San Miguel,1465,10627,,,,
10,2016,Summit,3982,39248,,,,
10,2016,Weld,9953,73053,,,,
10,2016,Remainder of State,25804,123546,"Alamosa, Archuleta, Chaffee, Costilla, Gilpin, Grand, Gunnison, Las Animas, Mesa, Moffat, Montrose, Morgan, Ouray, Park, Routt, Sedgwick, and Teller","El Paso, Grand, Huerfano, Mesa, Saguache, San Juan,and Sedgwick.",,
11,2016,Adams,11675,131759,,,,
11,2016,Arapahoe,27635,244765,,,,
11,2016,Archuletta,,15865,,,,
11,2016,Boulder,61483,171652,,,,
11,2016,Chaffee,,10286,,,,
11,2016,Clear Creek,1948,14014,,,,
11,2016,Conejos,,10932,,,,
11,2016,Costilla,,6213,,,,
11,2016,Denver,464066,834362,,,,
11,2016,Eagle,4361,25591,,,,
11,2016,Garfield,13996,48610,,,,
11,2016,Gilpin,,6934,,,,
11,2016,Grand,,7333,,,,
11,2016,Gunnison,,16367,,,,
11,2016,Jefferson,47826,120253,,,,
11,2016,Lake,,5771,,,,
11,2016,La Plata,10546,53367,,,,
11,2016,Larimer,33250,116304,,,,
11,2016,Las Animas,,65542,,,,
11,2016,Montezuma,1727,36938,,,,
11,2016,Morgan,,18137,,,,
11,2016,Ouray,,11529,,,,
11,2016,Park,,8861,,,,
11,2016,Pitkin,5249,14486,,,,
11,2016,Pueblo,18943,83993,,,,
11,2016,Routt,5721,19885,,,,
11,2016,San Miguel,1135,7181,,,,
11,2016,Summit,4392,41152,,,,
11,2016,Weld,6768,72233,,,,
11,2016,Remainder of State,16178,101444,"Alamosa, Archuleta, Chaffee, Costilla, Gilpin, Grand, Gunnison, Las Animas, Mesa, Moffat, Montrose, Morgan, Ouray, Park, and Sedgwick","El Paso, Huerfano, Mesa, Saguache, San Juan,and Sedgwick.",,
12,2016,Adams,11163,126500,,,,
12,2016,Arapahoe,53043,262716,,,,
12,2016,Boulder,51198,158528,,,,
12,2016,Chaffee,,9011,,,,
12,2016,Clear Creek,1964,7916,,,,
12,2016,Conejos,,9321,,,,
12,2016,Costilla,,8088,,,,
12,2016,Denver,463738,649705,,,,
12,2016,Eagle,3115,20409,,,,
12,2016,Garfield,8986,38635,,,,
12,2016,Gilpin,,5465,,,,
12,2016,Grand,,7132,,,,
12,2016,Gunnison,,5355,,,,
12,2016,Jefferson,44066,111901,,,,
12,2016,La Plata,8336,47240,,,,
12,2016,Larimer,33072,116143,,,,
12,2016,Las Animas,,69656,,,,
12,2016,Montezuma,1762,37649,,,,
12,2016,Morgan,,16096,,,,
12,2016,Ouray,,7165,,,,
12,2016,Park,,8250,,,,
12,2016,Pitkin,2831,12437,,,,
12,2016,Pueblo,18775,63904,,,,
12,2016,Routt,4862,17389,,,,
12,2016,San Miguel,815,4306,,,,
12,2016,Summit,,31614,,,,
12,2016,Weld,,68979,,,,
12,2016,Remainder of State,26739,109436,"Alamosa, Archuleta, Chaffee, Costilla, Fremont, Gilpin, Grand, Gunnison, Las Animas, Mesa, Moffat, Montrose, Morgan, Ouray, Park, Sedgwick, Summit, Teller and Weld","Archuletta, El Paso, Huerfano, Lake, Mesa, Saguache and Sedgwick.",,
7,2017,Adams,30597,139506,,,,
7,2017,Arapahoe,34103,279150,,,,
7,2017,Archuleta,0,19763,,,NR,
7,2017,Boulder,53398,200148,,,,
7,2017,Chaffee,0,16274,,,NR,
7,2017,Clear Creek,1585,16559,,,,
7,2017,Conejos,,14534,,,,
7,2017,Costilla,0,11438,,,NR,
7,2017,Denver,481698,885655,,,,
7,2017,Eagle,3072,32069,,,,
7,2017,El Paso,253579,0,,,,NR
7,2017,Garfield,8239,58333,,,,
7,2017,Gilpin,0,7725,,,NR,
7,2017,Grand,0,9385,,,NR,
7,2017,Gunnison,0,10725,,,NR,
7,2017,Huerfano,,0,,,,NR
7,2017,Jefferson,32163,127460,,,,
7,2017,La Plata,17234,63041,,,,
7,2017,Lake,,7274,,,,
7,2017,Larimer,31333,141072,,,,
7,2017,Las Animas,926,126033,,,,
7,2017,Mesa,0,0,,,NR,NR
7,2017,Montezuma,2140,52762,,,,
7,2017,Morgan,0,24634,,,NR,
7,2017,Ouray,0,19357,,,NR,
7,2017,Park,0,12169,,,NR,
7,2017,Pitkin,1945,25771,,,,
7,2017,Pueblo,21903,104818,,,,
7,2017,Routt,0,23405,,,NR,
7,2017,Saguache,,0,,,,NR
7,2017,San Juan,,0,,,,NR
7,2017,San Miguel,672,11970,,,,
7,2017,Sedgwick,0,0,,,NR,NR
7,2017,Summit,2933,44262,,,,
7,2017,Weld,8488,73106,,,,
7,2017,Sum of NR Counties,20830,120778,,,,
6,2017,Adams,30141,138365,,,,
6,2017,Arapahoe,33906,270122,,,,
6,2017,Archuleta,0,0,,,NR,NR
6,2017,Boulder,55178,190372,,,,
6,2017,Chaffee,0,12647,,,NR,
6,2017,Clear Creek,1256,13076,,,,
6,2017,Conejos,,12640,,,,
6,2017,Costilla,0,9352,,,NR,
6,2017,Denver,517605,885739,,,,
6,2017,Eagle,3502,24541,,,,
6,2017,El Paso,267657,0,,,,NR
6,2017,Garfield,9703,54425,,,,
6,2017,Gilpin,0,8165,,,NR,
6,2017,Grand,0,6192,,,NR,
6,2017,Gunnison,0,15267,,,NR,
6,2017,Huerfano,,0,,,,NR
6,2017,Jefferson,29317,126205,,,,
6,2017,La Plata,10397,57259,,,,
6,2017,Lake,,5782,,,,
6,2017,Larimer,32395,131764,,,,
6,2017,Las Animas,0,89341,,,NR,
6,2017,Mesa,0,0,,,NR,NR
6,2017,Montezuma,2214,52487,,,,
6,2017,Morgan,0,29755,,,NR,
6,2017,Ouray,0,12599,,,NR,
6,2017,Park,0,10155,,,NR,
6,2017,Pitkin,1657,14163,,,,
6,2017,Pueblo,20925,96357,,,,
6,2017,Routt,4346,19046,,,,
6,2017,Saguache,,0,,,,NR
6,2017,San Juan,,0,,,,NR
6,2017,San Miguel,383,5521,,,,
6,2017,Sedgwick,0,0,,,NR,NR
6,2017,Summit,2855,32940,,,,
6,2017,Weld,8099,73732,,,,
6,2017,Sum of NR Counties,20451,129869,,,,
5,2017,Adams,32817,141429,,,,
5,2017,Arapahoe,24274,287048,,,,
5,2017,Archuleta,0,13515,,,NR,
5,2017,Boulder,60974,177017,,,,
5,2017,Chaffee,0,10426,,,NR,
5,2017,Clear Creek,1512,13646,,,,
5,2017,Conejos,,11856,,,,
5,2017,Costilla,0,7217,,,NR,
5,2017,Denver,532556,839280,,,,
5,2017,Eagle,4509,40768,,,,
5,2017,El Paso,237951,0,,,,NR
5,2017,Garfield,8733,51969,,,,
5,2017,Gilpin,0,7475,,,NR,
5,2017,Grand,0,6221,,,NR,
5,2017,Gunnison,0,11860,,,NR,
5,2017,Huerfano,,0,,,,NR
5,2017,Jefferson,29147,134975,,,,
5,2017,Lake,,7211,,,,
5,2017,La Plata,8135,61222,,,,
5,2017,Larimer,31925,125328,,,,
5,2017,Las Animas,894,91940,,,,
5,2017,Mesa,0,0,,,NR,NR
5,2017,Montezuma,2032,44742,,,,
5,2017,Morgan,0,0,,,NR,NR
5,2017,Ouray,0,0,,,NR,NR
5,2017,Park,0,8856,,,NR,
5,2017,Pitkin,0,17181,,,NR,
5,2017,Pueblo,18844,84883,,,,
5,2017,Routt,5114,20380,,,,
5,2017,Saguache,,0,,,,NR
5,2017,San Juan,,0,,,,NR
5,2017,San Miguel,654,10235,,,,
5,2017,Sedgwick,0,0,,,NR,NR
5,2017,Summit,3962,45620,,,,
5,2017,Weld,8173,75243,,,,
5,2017,Combined Counties,,130366,,,,
1,2017,Adams,14960,126839,,,,
1,2017,Arapahoe,37520,268979,,,,
1,2017,Boulder,59231,161640,,,,
1,2017,Chaffee,,10341,,,,
1,2017,Clear Creek,1738,20964,,,,
1,2017,Conejos,,9755,,,,
1,2017,Costilla,,7616,,,,
1,2017,Denver,419489,762068,,,,
1,2017,Eagle,4146,40748,,,,
1,2017,Garfield,7262,41432,,,,
1,2017,Gilpin,,5984,,,,
1,2017,Grand,,11214,,,,
1,2017,Gunnison,,18269,,,,
1,2017,Jefferson,43750,123827,,,,
1,2017,La Plata,10547,53458,,,,
1,2017,Lake,,5393,,,,
1,2017,Larimer,32979,117689,,,,
1,2017,Las Animas,,69105,,,,
1,2017,Montezuma,,29368,,,,
1,2017,Morgan,,16595,,,,
1,2017,Ouray,,12170,,,,
1,2017,Park,,8799,,,,
1,2017,Pitkin,-5267,35168,,,,
1,2017,Pueblo,19096,75918,,,,
1,2017,Routt,5354,23201,,,,
1,2017,San Miguel,858,9207,,,,
1,2017,Summit,4581,63209,,,,
1,2017,Weld,8586,71127,,,,
1,2017,Remainder of State,16391,102910,"Alamosa, Archuleta, Chaffee, Costilla, Gilpin, Grand, Gunnison, Las Animas, Mesa, Moffat, Montezuma, Montrose, Morgan, Otero, Ouray, Park, Sedgwick, and Teller","Archuletta, El Paso, Huerfano, Mesa, Saguache, San Juan,and Sedgwick.",,
2,2017,Adams,21071,127372,,,,
2,2017,Arapahoe,27713,229318,,,,
2,2017,Archuletta,,15507,,,,
2,2017,Boulder,57350,160367,,,,
2,2017,Chaffee,,9199,,,,
2,2017,Clear Creek,1469,16698,,,,
2,2017,Conejos,,8494,,,,
2,2017,Costilla,,6166,,,,
2,2017,Denver,431934,747069,,,,
2,2017,Eagle,5601,49642,,,,
2,2017,Garfield,8672,39091,,,,
2,2017,Gilpin,,4495,,,,
2,2017,Grand,,10764,,,,
2,2017,Gunnison,,10871,,,,
2,2017,Jefferson,39660,116005,,,,
2,2017,La Plata,8717,47922,,,,
2,2017,Lake,,5566,,,,
2,2017,Larimer,27286,100562,,,,
2,2017,Las Animas,,58200,,,,
2,2017,Montezuma,3140,46063,,,,
2,2017,Ouray,,10759,,,,
2,2017,Park,,7784,,,,
2,2017,Pitkin,2087,30840,,,,
2,2017,Pueblo,7671,60707,,,,
2,2017,Routt,5226,27362,,,,
2,2017,San Miguel,1031,14527,,,,
2,2017,Summit,,85554,,,,
2,2017,Weld,7422,67803,,,,
2,2017,Remainder of State,22330,69020,"Alamosa, Archuleta, Chaffee, Costilla, Fremont, Gilpin, Grand, Gunnison, Las Animas, Mesa, Moffat, Montrose, Morgan, Otero, Ouray, Park, Sedgwick, Summit, Teller","El Paso, Huerfano, Mesa, Morgan, Saguache, San Juan,and Sedgwick.",,
3,2017,Adams,16881,118622,,,,
3,2017,Arapahoe,39164,256518,,,,
3,2017,Archuleta,,15275,,,,
3,2017,Boulder,61636,166310,,,,
3,2017,Chaffee,,9073,,,,
3,2017,Clear Creek,1952,15946,,,,
3,2017,Conejos,,9536,,,,
3,2017,Costilla,,6232,,,,
3,2017,Denver,582381,860182,,,,
3,2017,Eagle,3823,44064,,,,
3,2017,Garfield,7738,46369,,,,
3,2017,Gilpin,,5592,,,,
3,2017,Grand,,10486,,,,
3,2017,Gunnison,,22710,,,,
3,2017,Jefferson,83809,112884,,,,
3,2017,La Plata,7996,68476,,,,
3,2017,Lake,,5580,,,,
3,2017,Larimer,30401,111818,,,,
3,2017,Las Animas,875,75067,,,,
3,2017,Montezuma,1702,37104,,,,
3,2017,Morgan,,22438,,,,
3,2017,Ouray,,14949,,,,
3,2017,Park,,7937,,,,
3,2017,Pitkin,3299,33421,,,,
3,2017,Pueblo,17316,74493,,,,
3,2017,Routt,4519,26802,,,,
3,2017,San Miguel,483,9759,,,,
3,2017,Summit,3889,70029,,,,
3,2017,Weld,7480,69558,,,,
3,2017,Remainder of State,13015,96165,"Alamosa, Archuleta, Chaffee, Costilla, Gilpin, Grand, Gunnison,  Mesa, Moffat, Montrose, Morgan, Otero, Ouray, Park, and Sedgwick","El Paso, Huerfano, Mesa, Saguache, San Juan, and Sedgwick.",,
4,2017,Adams,26842,145724,,,,
4,2017,Arapahoe,33771,282799,,,,
4,2017,Archuleta,,18619,,,,
4,2017,Boulder,56283,176018,,,,
4,2017,Chaffee,,12371,,,,
4,2017,Clear Creek,1815,18349,,,,
4,2017,Conejos,,11950,,,,
4,2017,Costilla,,9285,,,,
4,2017,Denver,538559,842583,,,,
4,2017,Eagle,4584,42600,,,,
4,2017,Garfield,9433,56406,,,,
4,2017,Gilpin,,6473,,,,
4,2017,Grand,,14253,,,,
4,2017,Gunnison,,17986,,,,
4,2017,Jefferson,46752,138054,,,,
4,2017,La Plata,418,62570,,,,
4,2017,Larimer,32838,129580,,,,
4,2017,Las Animas,985,89954,,,,
4,2017,Montezuma,1677,47539,,,,
4,2017,Park,,10403,,,,
4,2017,Pitkin,705,41656,,,,
4,2017,Pueblo,17842,100262,,,,
4,2017,Routt,,28355,,,,
4,2017,San Miguel,791,12539,,,,
4,2017,Summit,4435,82597,,,,
4,2017,Weld,8263,78402,,,,
4,2017,Remainder of State,20678,138703,"Costilla, Gilpin, Grand, Mesa, Moffat, Montrose, Morgan, Otero, Park, Routt, Sedgwick, and Teller.","El Paso, Huerfano, Lake, Mesa, Morgan, Ouray, Saguache, San Juan, and Sedgwick",,
2,2014,Adams,18254,,,,,
2,2014,Arapahoe,25951,,,,,
2,2014,Boulder,97913,,,,,
2,2014,Chaffee,2338,,,,,
2,2014,Clear Creek,3952,12770,,,,
2,2014,Eagle,4141,,,,,
2,2014,El Paso,141447,,,,,
2,2014,Fremont,4726,,,,,
2,2014,Garfield,16674,,,,,
2,2014,Gunnison,1992,,,,,
2,2014,La Plata,13422,,,,,
2,2014,Larimer,21404,,,,,
2,2014,Montezuma,4266,,,,,
2,2014,Pitkin,6999,,,,,
2,2014,Pueblo,6249,,,,,
2,2014,Routt,4171,,,,,
2,2014,Weld,20901,,,,,
3,2014,Adams,14491,,,,,
3,2014,Arapahoe,30854,,,,,
3,2014,Boulder,104687,,,,,
3,2014,Eagle,8289,,,,,
3,2014,El Paso,177929,,,,,
3,2014,Fremont,5063,,,,,
3,2014,Garfield,10626,,,,,
3,2014,La Plata,13041,,,,,
3,2014,Larimer,33897,,,,,
3,2014,Montezuma,2651,,,,,
3,2014,Pitkin,2398,,,,,
3,2014,Routt,9018,,,,,
3,2014,Weld,20383,,,,,
4,2014,Adams,13534,,,,,
4,2014,Arapahoe,29504,,,,,
4,2014,Eagle,4867,,,,,
4,2014,El Paso,155230,,,,,
4,2014,Fremont,6589,,,,,
4,2014,Garfield,13101,,,,,
4,2014,La Plata,16639,,,,,
4,2014,Larimer,32081,,,,,
4,2014,Pitkin,11125,,,,,
4,2014,Routt,5928,,,,,
4,2014,Weld,16461,,,,,
5,2014,Adams,6351,,,,,
5,2014,Arapahoe,38484,,,,,
5,2014,Eagle,8591,,,,,
5,2014,El Paso,144236,,,,,
5,2014,Fremont,5689,,,,,
5,2014,Garfield,10033,,,,,
5,2014,La Plata,22917,,,,,
5,2014,Larimer,35514,,,,,
5,2014,Montezuma,2134,,,,,
5,2014,Routt,5227,,,,,
6,2014,Adams,19753,,,,,
6,2014,Arapahoe,29480,,,,,
6,2014,Chaffee,3066,,,,,
6,2014,Eagle,5326,,,,,
6,2014,El Paso,161302,,,,,
6,2014,Fremont,4663,,,,,
6,2014,La Plata,15120,,,,,
6,2014,Larimer,30427,,,,,
6,2014,Montezuma,4176,,,,,
6,2014,Routt,4761,,,,,
7,2014,Adams,12144,,,,,
7,2014,Arapahoe,28959,,,,,
7,2014,Chaffee,2939,,,,,
7,2014,Eagle,3903,,,,,
7,2014,El Paso,158300,,,,,
7,2014,Fremont,11845,,,,,
7,2014,La Plata,16104,,,,,
7,2014,Larimer,32545,,,,,
7,2014,Montezuma,5352,,,,,
8,2014,Adams,12684,,,,,
8,2014,Arapahoe,31401,,,,,
8,2014,Chaffee,4228,,,,,
8,2014,Eagle,3377,,,,,
8,2014,El Paso,168736,,,,,
8,2014,Fremont,7310,,,,,
8,2014,La Plata,16929,,,,,
8,2014,Montezuma,3354,,,,,
9,2014,Adams,13510,,,,,
9,2014,Arapahoe,32668,,,,,
9,2014,Boulder,79049,,,,,
9,2014,Chaffee,2607,,,,,
9,2014,Clear Creek,2886,,,,,
9,2014,Denver,434878,,,,,
9,2014,Eagle,6685,,,,,
9,2014,El Paso,177673,,,,,
9,2014,Fremont,6973,,,,,
9,2014,Garfield,14370,,,,,
9,2014,Gilpin,1179,,,,,
9,2014,Jefferson,52806,,,,,
9,2014,La Plata,16366,,,,,
9,2014,Larimer,32046,,,,,
9,2014,Montezuma,3669,,,,,
9,2014,Pitkin,3356,,,,,
9,2014,Pueblo,11639,,,,,
9,2014,Routt,10693,,,,,
9,2014,San Miguel,1299,,,,,
9,2014,Summit,4790,,,,,
9,2014,Weld,7631,,,,,
9,2014,Remainder of State,19034,,"Alamosa, Archuleta, Costilla, Grand, Gunnison, Lake, Mesa, Moffat, Montrose, Ouray, Park, Saguache and Sedgwick",,,
10,2014,Adams,12759,,,,,
10,2014,Arapahoe,28941,,,,,
10,2014,El Paso,170037,,,,,
10,2014,Fremont,7602,,,,,
10,2014,La Plata,19256,,,,,
10,2014,Montezuma,3497,,,,,
10,2014,Routt,5495,,,,,
11,2014,Adams,13305,,,,,
11,2014,Arapahoe,30817,,,,,
11,2014,El Paso,154894,,,,,
11,2014,Fremont,4563,,,,,
11,2014,La Plata,15890,,,,,
12,2014,El Paso,133682,,,,,
12,2014,Fremont,3261,,,,,
1,2015,El Paso,169625,,,,,
1,2015,Fremont,5735,,,,,
1,2015,Montezuma,3276,,,,,
2,2015,El Paso,142988,,,,,
2,2015,Fremont,6779,,,,,
2,2015,Montezuma,3296,,,,,
2,2015,Route,5104,,,,,
3,2015,Adams,15962,,,,,
3,2015,El Paso,166821,,,,,
3,2015,Fremont,4350,,,,,
4,2015,El Paso,164229,,,,,
4,2015,Fremont,4907,,,,,
5,2015,El Paso,205057,,,,,
5,2015,Fremont,5371,,,,,
6,2015,El Paso,189852,,,,,
6,2015,Fremont,6856,,,,,
7,2015,Adams,17209,,,,,
7,2015,El Paso,197835,,,,,
7,2015,Fremont,5773,,,,,
8,2015,El Paso,233749,,,,,
8,2015,Fremont,7610,,,,,
9,2015,El Paso,254156,,,,,
9,2015,Fremont,7227,,,,,
10,2015,El Paso,205403,,,,,
10,2015,Fremont,5479,,,,,
11,2015,El Paso,222834,,,,,
11,2015,Fremont,6167,,,,,
12,2015,El Paso,195651,,,,,
12,2015,Fremont,2993,,,,,
2,2016,El Paso,175444,,,,,
2,2016,Fremont,3448,,,,,
1,2016,El Paso,221778.72,,,,,
1,2016,Fremont,5619.17,,,,,
3,2016,El Paso,196527,,,,,
4,2016,El Paso,213427,,,,,
4,2016,Fremont,5483,,,,,
5,2016,El Paso,250786,,,,,
5,2016,Fremont,8262,,,,,
6,2016,El Paso,247396,,,,,
6,2016,Fremont,6259,,,,,
7,2016,El Paso,231702,,,,,
7,2016,Fremont,6249,,,,,
8,2016,El Paso,240225,,,,,
8,2016,Fremont,6442,,,,,
9,2016,El Paso,256397,,,,,
9,2016,Fremont,6898,,,,,
10,2016,El Paso,240154,,,,,
10,2016,Fremont,4616,,,,,
11,2016,El Paso,241652,,,,,
11,2016,Fremont,4448,,,,,
12,2016,El Paso,214815,,,,,
1,2017,El Paso,228115,,,,,
1,2017,Fremont,4871,,,,,
2,2017,El Paso,194433,,,,,
3,2017,El Paso,216143,,,,,
3,2017,Fremont,6812,,,,,
4,2017,El Paso,264869,,,,,
4,2017,Fremont,5362,,,,,
5,2017,Alamosa,0,,,,NR,
5,2017,Fremont,4982,,,,,
5,2017,Moffat,0,,,,NR,
5,2017,Montrose,0,,,,NR,
5,2017,Otero,0,,,,NR,
5,2017,Teller,0,,,,NR,
5,2017,Combined Counties 2,16892,,,,,
6,2017,Alamosa,0,,,,NR,
6,2017,Fremont,0,,,,NR,
6,2017,Moffat,0,,,,NR,
6,2017,Montrose,0,,,,NR,
6,2017,Otero,0,,,,NR,
6,2017,Teller,0,,,,NR,
7,2017,Alamosa,0,,,,NR,
7,2017,Fremont,5918,,,,,
7,2017,Moffat,0,,,,NR,
7,2017,Montrose,0,,,,NR,
7,2017,Otero,0,,,,NR,
7,2017,Teller,0,,,,NR,
8,2017,Adams,26195,,,,,
8,2017,Alamosa,0,,,,NR,
8,2017,Arapahoe,29587,,,,,
8,2017,Archuleta,0,,,,NR,
8,2017,Boulder,55997,,,,,
8,2017,Chaffee,0,,,,NR,
8,2017,Clear Creek,921,,,,,
8,2017,Costilla,0,,,,NR,
8,2017,Denver,507955,,,,,
8,2017,Eagle,3990,,,,,
8,2017,El Paso,234542,,,,,
8,2017,Fremont,5740,,,,,
8,2017,Garfield,6908,,,,,
8,2017,Gilpin,0,,,,NR,
8,2017,Grand,0,,,,NR,
8,2017,Gunnison,0,,,,NR,
8,2017,Jefferson,32199,,,,,
8,2017,La Plata,8696,,,,,
8,2017,Larimer,33455,,,,,
8,2017,Las Animas,0,,,,NR,
8,2017,Mesa,0,,,,NR,
8,2017,Moffat,0,,,,NR,
8,2017,Montezuma,2047,,,,,
8,2017,Montrose,0,,,,NR,
8,2017,Morgan,0,,,,NR,
8,2017,Otero,0,,,,NR,
8,2017,Ouray,0,,,,NR,
8,2017,Park,0,,,,NR,
8,2017,Pitkin,2076,,,,,
8,2017,Pueblo,17460,,,,,
8,2017,Routt,0,,,,NR,
8,2017,San Miguel,753,,,,,
8,2017,Sedgwick,0,,,,NR,
8,2017,Summit,3351,,,,,
8,2017,Weld,8132,,,,,
8,2017,Sum of NR Counties,23556,,,,,
9,2017,Adams,30520,,,,,
9,2017,Alamosa,0,,,,NR,
9,2017,Arapahoe,32494,,,,,
9,2017,Archuleta,0,,,,NR,
9,2017,Boulder,50861,,,,,
9,2017,Chaffee,0,,,,NR,
9,2017,Clear Creek,1102,,,,,
9,2017,Costilla,0,,,,NR,
9,2017,Denver,508760,,,,,
9,2017,Eagle,4343,,,,,
9,2017,El Paso,232556,,,,,
9,2017,Fremont,5245,,,,,
9,2017,Garfield,9881,,,,,
9,2017,Gilpin,0,,,,NR,
9,2017,Grand,0,,,,NR,
9,2017,Jefferson,44969,,,,,
9,2017,La Plata,8916,,,,,
9,2017,Larimer,31565,,,,,
9,2017,Las Animas,1333,,,,,
9,2017,Mesa,0,,,,NR,
9,2017,Moffat,0,,,,NR,
9,2017,Montezuma,2667,,,,,
9,2017,Montrose,0,,,,NR,
9,2017,Morgan,0,,,,NR,
9,2017,Otero,0,,,,NR,
9,2017,Park,0,,,,NR,
9,2017,Pitkin,1867,,,,,
9,2017,Pueblo,21657,,,,,
9,2017,Routt,0,,,,NR,
9,2017,San Miguel,473,,,,,
9,2017,Sedgwick,0,,,,NR,
9,2017,Summit,3159,,,,,
9,2017,Teller,0,,,,NR,
9,2017,Weld,8927,,,,,
9,2017,Sum of NR Counties,23236,,,,,
10,2017,Adams,29766,,,,,
10,2017,Alamosa,0,,,,NR,
10,2017,Arapahoe,22182,,,,,
10,2017,Archuleta,0,,,,NR,
10,2017,Boulder,49754,,,,,
10,2017,Chaffee,0,,,,NR,
10,2017,Clear Creek,1160,,,,,
10,2017,Costilla,0,,,,NR,
10,2017,Denver,502759,,,,,
10,2017,Eagle,4087,,,,,
10,2017,El Paso,240981,,,,,
10,2017,Fremont,4667,,,,,
10,2017,Garfield,10787,,,,,
10,2017,Gilpin,0,,,,NR,
10,2017,Grand,0,,,,NR,
10,2017,Jefferson,40777,,,,,
10,2017,La Plata,8462,,,,,
10,2017,Larimer,32452,,,,,
10,2017,Las Animas,1181,,,,,
10,2017,Mesa,0,,,,NR,
10,2017,Moffat,0,,,,NR,
10,2017,Montezuma,2098,,,,,
10,2017,Montrose,0,,,,NR,
10,2017,Morgan,0,,,,NR,
10,2017,Otero,0,,,,NR,
10,2017,Ouray,0,,,,NR,
10,2017,Park,0,,,,NR,
10,2017,Pitkin,1816,,,,,
10,2017,Pueblo,15471,,,,,
10,2017,Routt,0,,,,NR,
10,2017,San Miguel,580,,,,,
10,2017,Sedgwick,0,,,,NR,
10,2017,Summit,3245,,,,,
10,2017,Weld,9260,,,,,
10,2017,Sum of NR Counties,21774,,,,,
11,2017,Adams,26582,,,,,
11,2017,Alamosa,0,,,,NR,
11,2017,Arapahoe,24137,,,,,
11,2017,Archuleta,0,,,,NR,
11,2017,Boulder,51056,,,,,
11,2017,Chaffee,0,,,,NR,
11,2017,Clear Creek,882,,,,,
11,2017,Denver,466517,,,,,
11,2017,Eagle,3401,,,,,
11,2017,El Paso,227708,,,,,
11,2017,Fremont,4018,,,,,
11,2017,Garfield,8647,,,,,
11,2017,Gilpin,0,,,,NR,
11,2017,Grand,0,,,,NR,
11,2017,Gunnison,0,,,,NR,
11,2017,Jefferson,49255,,,,,
11,2017,La Plata,8389,,,,,
11,2017,Larimer,29191,,,,,
11,2017,Las Animas,999,,,,,
11,2017,Mesa,0,,,,NR,
11,2017,Moffat,0,,,,NR,
11,2017,Montezuma,1302,,,,,
11,2017,Montrose,0,,,,NR,
11,2017,Morgan,0,,,,NR,
11,2017,Otero,0,,,,NR,
11,2017,Park,0,,,,NR,
11,2017,Pitkin,1611,,,,,
11,2017,Pueblo,14313,,,,,
11,2017,Routt,0,,,,NR,
11,2017,San Miguel,0,,,,NR,
11,2017,Sedgwick,0,,,,NR,
11,2017,Summit,3391,,,,,
11,2017,Teller,0,,,,NR,
11,2017,Weld,9155,,,,,
11,2017,Sum of NR Counties,20312,,,,,
12,2017,Adams,11440,,,,,
12,2017,Alamosa,0,,,,NR,
12,2017,Arapahoe,29558,,,,,
12,2017,Archuleta,0,,,,NR,
12,2017,Boulder,52374,,,,,
12,2017,Chaffee,0,,,,NR,
12,2017,Clear Creek,1038,,,,,
12,2017,Denver,366058,,,,,
12,2017,Eagle,3327,,,,,
12,2017,El Paso,206701,,,,,
12,2017,Fremont,3312,,,,,
12,2017,Garfield,6839,,,,,
12,2017,Gilpin,0,,,,NR,
12,2017,Grand,0,,,,NR,
12,2017,Gunnison,0,,,,NR,
12,2017,Jefferson,40427,,,,,
12,2017,La Plata,7055,,,,,
12,2017,Larimer,27212,,,,,
12,2017,Las Animas,1022,,,,,
12,2017,Mesa,0,,,,NR,
12,2017,Montezuma,1527,,,,,
12,2017,Montrose,0,,,,NR,
12,2017,Morgan,0,,,,NR,
12,2017,Otero,0,,,,NR,
12,2017,Ouray,0,,,,NR,
12,2017,Park,0,,,,NR,
12,2017,Pitkin,1513,,,,,
12,2017,Pueblo,10969,,,,,
12,2017,Routt,0,,,,NR,
12,2017,San Miguel,0,,,,NR,
12,2017,Sedgwick,0,,,,NR,
12,2017,Summit,3219,,,,,
12,2017,Weld,9840,,,,,
12,2017,Sum of NR Counties,18207,,,,,
1,2018,Adams,12001,,,,,
1,2018,Alamosa,0,,,,NR,
1,2018,Arapahoe,26048,,,,,
1,2018,Archuleta,0,,,,NR,
1,2018,Boulder,53814,,,,,
1,2018,Chaffee,0,,,,NR,
1,2018,Clear Creek,871,,,,,
1,2018,Denver,406884,,,,,
1,2018,Eagle,3722,,,,,
1,2018,El Paso,236730,,,,,
1,2018,Fremont,4539,,,,,
1,2018,Garfield,6550,,,,,
1,2018,Gilpin,0,,,,NR,
1,2018,Grand,0,,,,NR,
1,2018,Gunnison,0,,,,NR,
1,2018,Jefferson,52353,,,,,
1,2018,La Plata,8393,,,,,
1,2018,Larimer,34043,,,,,
1,2018,Las Animas,1398,,,,,
1,2018,Mesa,0,,,,NR,
1,2018,Moffat,0,,,,NR,
1,2018,Montezuma,1903,,,,,
1,2018,Montrose,0,,,,NR,
1,2018,Morgan,0,,,,NR,
1,2018,Otero,0,,,,NR,
1,2018,Ouray,0,,,,NR,
1,2018,Park,0,,,,NR,
1,2018,Pitkin,1620,,,,,
1,2018,Pueblo,14941,,,,,
1,2018,Routt,4921,,,,,
1,2018,San Miguel,0,,,,NR,
1,2018,Sedgwick,0,,,,NR,
1,2018,Summit,3552,,,,,
1,2018,Teller,0,,,,NR,
1,2018,Weld,11638,,,,,
1,2018,Sum of NR Counties,16330,,,,,
2,2018,Adams,10047,,,,,
2,2018,Alamosa,0,,,,NR,
2,2018,Arapahoe,25400,,,,,
2,2018,Archuleta,0,,,,NR,
2,2018,Boulder,47908,,,,,
2,2018,Chaffee,0,,,,NR,
2,2018,Clear Creek,795,,,,,
2,2018,Denver,353791,,,,,
2,2018,Eagle,2148,,,,,
2,2018,El Paso,211394,,,,,
2,2018,Fremont,3781,,,,,
2,2018,Garfield,6667,,,,,
2,2018,Gilpin,0,,,,NR,
2,2018,Grand,0,,,,NR,
2,2018,Jefferson,31881,,,,,
2,2018,La Plata,7721,,,,,
2,2018,Larimer,30632,,,,,
2,2018,Las Animas,1246,,,,,
2,2018,Mesa,0,,,,NR,
2,2018,Moffat,0,,,,NR,
2,2018,Montezuma,1531,,,,,
2,2018,Montrose,0,,,,NR,
2,2018,Morgan,0,,,,NR,
2,2018,Otero,0,,,,NR,
2,2018,Ouray,0,,,,NR,
2,2018,Park,0,,,,NR,
2,2018,Pitkin,1831,,,,,
2,2018,Pueblo,22316,,,,,
2,2018,Routt,4637,,,,,
2,2018,San Miguel,0,,,,NR,
2,2018,Sedgwick,0,,,,NR,
2,2018,Summit,3329,,,,,
2,2018,Weld,9757,,,,,
2,2018,Sum of NR Counties,16126,,,,,
3,2018,Adams,10534,,,,,
3,2018,Alamosa,0,,,,NR,
3,2018,Arapahoe,21125,,,,,
3,2018,Archuleta,0,,,,NR,
3,2018,Boulder,48159,,,,,
3,2018,Chaffee,0,,,,NR,
3,2018,Clear Creek,742,,,,,
3,2018,Denver,313884,,,,,
3,2018,Eagle,3352,,,,,
3,2018,El Paso,214919,,,,,
3,2018,Fremont,3783,,,,,
3,2018,Garfield,6855,,,,,
3,2018,Gilpin,0,,,,NR,
3,2018,Grand,0,,,,NR,
3,2018,Gunnison,0,,,,NR,
3,2018,Jefferson,24284,,,,,
3,2018,La Plata,7713,,,,,
3,2018,Larimer,27883,,,,,
3,2018,Las Animas,1011,,,,,
3,2018,Mesa,0,,,,NR,
3,2018,Moffat,0,,,,NR,
3,2018,Montezuma,1463,,,,,
3,2018,Montrose,0,,,,NR,
3,2018,Morgan,0,,,,NR,
3,2018,Otero,0,,,,NR,
3,2018,Ouray,0,,,,NR,
3,2018,Park,0,,,,NR,
3,2018,Pitkin,1626,,,,,
3,2018,Pueblo,16070,,,,,
3,2018,Routt,4308,,,,,
3,2018,San Miguel,0,,,,NR,
3,2018,Sedgwick,0,,,,NR,
3,2018,Summit,2997,,,,,
3,2018,Weld,9165,,,,,
3,2018,Sum of NR Counties,15088,,,,,
4,2018,Adams,11528,,,,,
4,2018,Alamosa,0,,,,NR,
4,2018,Arapahoe,36520,,,,,
4,2018,Archuleta,0,,,,NR,
4,2018,Boulder,40955,,,,,
4,2018,Chaffee,0,,,,NR,
4,2018,Clear Creek,1221,,,,,
4,2018,Denver,350745,,,,,
4,2018,Eagle,3010,,,,,
4,2018,El Paso,197924,,,,,
4,2018,Fremont,3250,,,,,
4,2018,Garfield,6062,,,,,
4,2018,Gilpin,0,,,,NR,
4,2018,Grand,0,,,,NR,
4,2018,Jefferson,46567,,,,,
4,2018,La Plata,7058,,,,,
4,2018,Larimer,30385,,,,,
4,2018,Las Animas,687,,,,,
4,2018,Mesa,0,,,,NR,
4,2018,Moffat,0,,,,NR,
4,2018,Montezuma,1552,,,,,
4,2018,Montrose,0,,,,NR,
4,2018,Morgan,0,,,,NR,
4,2018,Ouray,0,,,,NR,
4,2018,Park,0,,,,NR,
4,2018,Pitkin,0,,,,NR,
4,2018,Pueblo,14317,,,,,
4,2018,Routt,4942,,,,,
4,2018,San Miguel,0,,,,NR,
4,2018,Sedgwick,0,,,,NR,
4,2018,Summit,3479,,,,,
4,2018,Weld,10373,,,,,
4,2018,Sum of NR Counties,13129,,,,,
5,2018,Adams,12832,,,,,
5,2018,Alamosa,0,,,,NR,
5,2018,Arapahoe,22006,,,,,
5,2018,Archuleta,0,,,,NR,
5,2018,Boulder,50915,,,,,
5,2018,Chaffee,0,,,,NR,
5,2018,Clear Creek,0,,,,NR,
5,2018,Denver,346635,,,,,
5,2018,Eagle,4331,,,,,
5,2018,El Paso,269582,,,,,
5,2018,Fremont,4093,,,,,
5,2018,Garfield,7065,,,,,
5,2018,Gilpin,0,,,,NR,
5,2018,Grand,0,,,,NR,
5,2018,Jefferson,42353,,,,,
5,2018,La Plata,7580,,,,,
5,2018,Larimer,29016,,,,,
5,2018,Las Animas,1181,,,,,
5,2018,Mesa,0,,,,NR,
5,2018,Moffat,0,,,,NR,
5,2018,Montezuma,1277,,,,,
5,2018,Montrose,0,,,,NR,
5,2018,Morgan,0,,,,NR,
5,2018,Otero,0,,,,NR,
5,2018,Ouray,0,,,,NR,
5,2018,Park,0,,,,NR,
5,2018,Pitkin,2658,,,,,
5,2018,Pueblo,16433,,,,,
5,2018,Routt,4436,,,,,
5,2018,San Miguel,0,,,,NR,
5,2018,Sedgwick,0,,,,NR,
5,2018,Summit,3091,,,,,
5,2018,Weld,10516,,,,,
5,2018,Sum of NR Counties,23915,,,,,
6,2018,Adams,12139,,,,,
6,2018,Alamosa,0,,,,NR,
6,2018,Arapahoe,20062,,,,,
6,2018,Archuleta,0,,,,NR,
6,2018,Boulder,40594,,,,,
6,2018,Chaffee,0,,,,NR,
6,2018,Clear Creek,712,,,,,
6,2018,Denver,299207,,,,,
6,2018,Eagle,3158,,,,,
6,2018,El Paso,213698,,,,,
6,2018,Fremont,4147,,,,,
6,2018,Garfield,8837,,,,,
6,2018,Gilpin,0,,,,NR,
6,2018,Grand,0,,,,NR,
6,2018,Jefferson,52231,,,,,
6,2018,La Plata,7303,,,,,
6,2018,Larimer,27045,,,,,
6,2018,Las Animas,1259,,,,,
6,2018,Mesa,0,,,,NR,
6,2018,Moffat,0,,,,NR,
6,2018,Montezuma,1329,,,,,
6,2018,Montrose,0,,,,NR,
6,2018,Morgan,0,,,,NR,
6,2018,Otero,0,,,,NR,
6,2018,Ouray,0,,,,NR,
6,2018,Park,0,,,,NR,
6,2018,Pitkin,1303,,,,,
6,2018,Pueblo,9735,,,,,
6,2018,Routt,4289,,,,,
6,2018,San Miguel,0,,,,NR,
6,2018,Sedgwick,0,,,,NR,
6,2018,Summit,2891,,,,,
6,2018,Weld,9289,,,,,
6,2018,Sum of NR Counties,15543,,,,,
7,2018,Adams,8872,,,,,
7,2018,Alamosa,0,,,,NR,
7,2018,Arapahoe,16931,,,,,
7,2018,Archuleta,0,,,,NR,
7,2018,Boulder,38413,,,,,
7,2018,Chaffee,0,,,,NR,
7,2018,Clear Creek,584,,,,,
7,2018,Denver,329663,,,,,
7,2018,Eagle,2803,,,,,
7,2018,El Paso,225358,,,,,
7,2018,Fremont,4139,,,,,
7,2018,Garfield,7497,,,,,
7,2018,Gilpin,0,,,,NR,
7,2018,Grand,0,,,,NR,
7,2018,Jefferson,28040,,,,,
7,2018,La Plata,8076,,,,,
7,2018,Larimer,26215,,,,,
7,2018,Las Animas,1004,,,,,
7,2018,Mesa,0,,,,NR,
7,2018,Moffat,0,,,,NR,
7,2018,Montezuma,1464,,,,,
7,2018,Montrose,0,,,,NR,
7,2018,Morgan,0,,,,NR,
7,2018,Otero,0,,,,NR,
7,2018,Ouray,0,,,,NR,
7,2018,Park,0,,,,NR,
7,2018,Pitkin,1460,,,,,
7,2018,Pueblo,19999,,,,,
7,2018,Routt,3553,,,,,
7,2018,San Miguel,0,,,,NR,
7,2018,Sedgwick,0,,,,NR,
7,2018,Summit,2364,,,,,
7,2018,Weld,9300,,,,,
7,2018,Sum of NR Counties,15780,,,,,
8,2018,Adams,10430,,,,,
8,2018,Alamosa,0,,,,NR,
8,2018,Arapahoe,22523,,,,,
8,2018,Archuleta,0,,,,NR,
8,2018,Boulder,39960,,,,,
8,2018,Chaffee,0,,,,NR,
8,2018,Clear Creek,635,,,,,
8,2018,Denver,362184,,,,,
8,2018,Eagle,2572,,,,,
8,2018,El Paso,208085,,,,,
8,2018,Fremont,5553,,,,,
8,2018,Garfield,5564,,,,,
8,2018,Gilpin,0,,,,NR,
8,2018,Grand,0,,,,NR,
8,2018,Jefferson,30661,,,,,
8,2018,La Plata,7117,,,,,
8,2018,Larimer,20477,,,,,
8,2018,Las Animas,896,,,,,
8,2018,Mesa,0,,,,NR,
8,2018,Moffat,0,,,,NR,
8,2018,Montezuma,1462,,,,,
8,2018,Montrose,0,,,,NR,
8,2018,Morgan,0,,,,NR,
8,2018,Otero,0,,,,NR,
8,2018,Ouray,0,,,,NR,
8,2018,Park,0,,,,NR,
8,2018,Pitkin,1321,,,,,
8,2018,Pueblo,14939,,,,,
8,2018,Routt,3832,,,,,
8,2018,San Miguel,0,,,,NR,
8,2018,Sedgwick,0,,,,NR,
8,2018,Summit,2554,,,,,
8,2018,Weld,8769,,,,,
8,2018,Sum of NR Counties,15554,,,,,
9,2018,Adams,11283,,,,,
9,2018,Alamosa,0,,,,NR,
9,2018,Arapahoe,34311,,,,,
9,2018,Archuleta,0,,,,NR,
9,2018,Boulder,47559,,,,,
9,2018,Chaffee,0,,,,NR,
9,2018,Clear Creek,0,,,,NR,
9,2018,Denver,363832,,,,,
9,2018,Eagle,2817,,,,,
9,2018,El Paso,210772,,,,,
9,2018,Fremont,0,,,,NR,
9,2018,Garfield,5355,,,,,
9,2018,Gilpin,0,,,,NR,
9,2018,Grand,0,,,,NR,
9,2018,Jefferson,51799,,,,,
9,2018,La Plata,0,,,,NR,
9,2018,Larimer,39310,,,,,
9,2018,Las Animas,740,,,,,
9,2018,Mesa,0,,,,NR,
9,2018,Montezuma,1478,,,,,
9,2018,Montrose,0,,,,NR,
9,2018,Morgan,0,,,,NR,
9,2018,Otero,0,,,,NR,
9,2018,Park,0,,,,NR,
9,2018,Pitkin,0,,,,NR,
9,2018,Pueblo,12698,,,,,
9,2018,Routt,4413,,,,,
9,2018,San Miguel,0,,,,NR,
9,2018,Sedgwick,0,,,,NR,
9,2018,Summit,2930,,,,,
9,2018,Teller,0,,,,NR,
9,2018,Weld,9305,,,,,
9,2018,Sum of NR Counties,27375,,,,,
10,2018,Adams,13322,,,,,
10,2018,Alamosa,0,,,,NR,
10,2018,Arapahoe,22042,,,,,
10,2018,Boulder,37751,,,,,
10,2018,Chaffee,0,,,,NR,
10,2018,Clear Creek,761,,,,,
10,2018,Denver,375357,,,,,
10,2018,Eagle,2444,,,,,
10,2018,El Paso,217313,,,,,
10,2018,Fremont,4280,,,,,
10,2018,Garfield,5205,,,,,
10,2018,Grand,0,,,,NR,
10,2018,Jefferson,30674,,,,,
10,2018,La Plata,0,,,,NR,
10,2018,Larimer,26149,,,,,
10,2018,Las Animas,1395,,,,,
10,2018,Mesa,0,,,,NR,
10,2018,Moffat,0,,,,NR,
10,2018,Montezuma,1750,,,,,
10,2018,Montrose,0,,,,NR,
10,2018,Morgan,0,,,,NR,
10,2018,Otero,0,,,,NR,
10,2018,Park,0,,,,NR,
10,2018,Pitkin,1333,,,,,
10,2018,Pueblo,15810,,,,,
10,2018,Routt,3789,,,,,
10,2018,San Miguel,0,,,,NR,
10,2018,Sedgwick,0,,,,NR,
10,2018,Summit,2638,,,,,
10,2018,Weld,8798,,,,,
10,2018,Sum of NR Counties,20171,,,,,
11,2018,Adams,12763,,,,,
11,2018,Alamosa,0,,,,NR,
11,2018,Arapahoe,22223,,,,,
11,2018,Boulder,36501,,,,,
11,2018,Chaffee,0,,,,NR,
11,2018,Clear Creek,562,,,,,
11,2018,Denver,325870,,,,,
11,2018,Eagle,2302,,,,,
11,2018,El Paso,232217,,,,,
11,2018,Fremont,3238,,,,,
11,2018,Garfield,4552,,,,,
11,2018,Grand,0,,,,NR,
11,2018,Jefferson,31191,,,,,
11,2018,La Plata,0,,,,NR,
11,2018,Larimer,26235,,,,,
11,2018,Las Animas,781,,,,,
11,2018,Mesa,0,,,,NR,
11,2018,Moffat,0,,,,NR,
11,2018,Montezuma,1311,,,,,
11,2018,Montrose,0,,,,NR,
11,2018,Morgan,0,,,,NR,
11,2018,Otero,0,,,,NR,
11,2018,Park,0,,,,NR,
11,2018,Pitkin,949,,,,,
11,2018,Pueblo,22884,,,,,
11,2018,Routt,3720,,,,,
11,2018,San Miguel,0,,,,NR,
11,2018,Sedgwick,0,,,,NR,
11,2018,Summit,2692,,,,,
11,2018,Weld,9382,,,,,
11,2018,Sum of NR Counties,19352,,,,,
12,2018,Adams,14927,,,,,
12,2018,Alamosa,0,,,,NR,
12,2018,Arapahoe,31430,,,,,
12,2018,Boulder,35788,,,,,
12,2018,Chaffee,0,,,,NR,
12,2018,Clear Creek,614,,,,,
12,2018,Denver,350452,,,,,
12,2018,Eagle,2285,,,,,
12,2018,El Paso,213030,,,,,
12,2018,Fremont,4903,,,,,
12,2018,Garfield,3364,,,,,
12,2018,Grand,0,,,,NR,
12,2018,Jefferson,42989,,,,,
12,2018,La Plata,0,,,,NR,
12,2018,Larimer,25049,,,,,
12,2018,Las Animas,641,,,,,
12,2018,Mesa,0,,,,NR,
12,2018,Moffat,0,,,,NR,
12,2018,Montezuma,1359,,,,,
12,2018,Montrose,0,,,,NR,
12,2018,Morgan,0,,,,NR,
12,2018,Otero,0,,,,NR,
12,2018,Park,0,,,,NR,
12,2018,Pitkin,936,,,,,
12,2018,Pueblo,16183,,,,,
12,2018,Routt,3518,,,,,
12,2018,San Miguel,0,,,,NR,
12,2018,Sedgwick,0,,,,NR,
12,2018,Summit,2975,,,,,
12,2018,Weld,9838,,,,,
12,2018,Sum of NR Counties,18870,,,,,
